date,day_of_week,is_weekend,month,season,shift,holiday,weather,local_event,promotion,reservations,covers_last_week,covers
2025-07-01,Tuesday,0,7,Summer,Dinner,0,Clear,0,0,56,,102
2025-07-01,Tuesday,0,7,Summer,Lunch,0,Clear,0,0,6,,20
2025-07-02,Wednesday,0,7,Summer,Dinner,0,Clear,0,0,66,,157
2025-07-02,Wednesday,0,7,Summer,Lunch,0,Clear,0,0,10,,69
2025-07-03,Thursday,0,7,Summer,Dinner,0,Clear,0,0,102,,208
2025-07-03,Thursday,0,7,Summer,Lunch,0,Clear,0,0,19,,79
2025-07-04,Friday,0,7,Summer,Dinner,0,Clear,0,0,98,,223
2025-07-04,Friday,0,7,Summer,Lunch,0,Clear,0,1,13,,85
2025-07-05,Saturday,1,7,Summer,Dinner,0,Clear,0,0,76,,157
2025-07-05,Saturday,1,7,Summer,Lunch,0,Clear,0,0,27,,119
2025-07-06,Sunday,1,7,Summer,Dinner,0,Cloudy,0,0,39,,81
2025-07-06,Sunday,1,7,Summer,Lunch,0,Cloudy,0,0,12,,80
2025-07-07,Monday,0,7,Summer,Dinner,0,Clear,0,0,19,,62
2025-07-07,Monday,0,7,Summer,Lunch,0,Clear,0,1,20,,94
2025-07-08,Tuesday,0,7,Summer,Dinner,0,Rain,0,0,42,102.0,81
2025-07-08,Tuesday,0,7,Summer,Lunch,0,Rain,0,0,16,20.0,56
2025-07-09,Wednesday,0,7,Summer,Dinner,0,Clear,0,0,38,157.0,67
2025-07-09,Wednesday,0,7,Summer,Lunch,0,Clear,0,0,39,69.0,135
2025-07-10,Thursday,0,7,Summer,Dinner,0,Cloudy,0,0,28,208.0,79
2025-07-10,Thursday,0,7,Summer,Lunch,0,Cloudy,0,0,18,79.0,70
2025-07-11,Friday,0,7,Summer,Dinner,0,Clear,0,0,63,223.0,152
2025-07-11,Friday,0,7,Summer,Lunch,0,Clear,0,0,9,85.0,70
2025-07-12,Saturday,1,7,Summer,Dinner,1,Clear,1,0,100,157.0,215
2025-07-12,Saturday,1,7,Summer,Lunch,1,Clear,0,0,30,119.0,152
2025-07-13,Sunday,1,7,Summer,Dinner,0,Clear,0,0,31,81.0,77
2025-07-13,Sunday,1,7,Summer,Lunch,0,Clear,0,0,11,80.0,73
2025-07-14,Monday,0,7,Summer,Dinner,0,Clear,0,0,32,62.0,83
2025-07-14,Monday,0,7,Summer,Lunch,0,Clear,0,0,3,94.0,22
2025-07-15,Tuesday,0,7,Summer,Dinner,0,Clear,0,0,40,81.0,78
2025-07-15,Tuesday,0,7,Summer,Lunch,0,Clear,0,0,22,56.0,74
2025-07-16,Wednesday,0,7,Summer,Dinner,0,Clear,0,0,81,67.0,150
2025-07-16,Wednesday,0,7,Summer,Lunch,0,Clear,0,0,10,135.0,52
2025-07-17,Thursday,0,7,Summer,Dinner,0,Clear,0,0,58,79.0,113
2025-07-17,Thursday,0,7,Summer,Lunch,0,Clear,0,0,22,70.0,96
2025-07-18,Friday,0,7,Summer,Dinner,0,Cloudy,0,0,88,152.0,161
2025-07-18,Friday,0,7,Summer,Lunch,0,Cloudy,0,0,12,70.0,56
2025-07-19,Saturday,1,7,Summer,Dinner,0,Clear,0,0,87,215.0,200
2025-07-19,Saturday,1,7,Summer,Lunch,0,Clear,0,0,19,152.0,77
2025-07-20,Sunday,1,7,Summer,Dinner,0,Rain,1,0,33,77.0,81
2025-07-20,Sunday,1,7,Summer,Lunch,0,Rain,0,0,15,73.0,69
2025-07-21,Monday,0,7,Summer,Dinner,0,Clear,1,1,32,83.0,64
2025-07-21,Monday,0,7,Summer,Lunch,0,Clear,0,0,12,22.0,53
2025-07-22,Tuesday,0,7,Summer,Dinner,0,Clear,0,0,78,78.0,161
2025-07-22,Tuesday,0,7,Summer,Lunch,0,Clear,0,0,24,74.0,104
2025-07-23,Wednesday,0,7,Summer,Dinner,0,Clear,0,0,38,150.0,89
2025-07-23,Wednesday,0,7,Summer,Lunch,0,Clear,0,0,23,52.0,74
2025-07-24,Thursday,0,7,Summer,Dinner,0,Clear,0,0,50,113.0,107
2025-07-24,Thursday,0,7,Summer,Lunch,0,Clear,0,0,10,96.0,53
2025-07-25,Friday,0,7,Summer,Dinner,0,Cloudy,0,0,82,161.0,194
2025-07-25,Friday,0,7,Summer,Lunch,0,Cloudy,0,0,13,56.0,74
2025-07-26,Saturday,1,7,Summer,Dinner,0,Clear,1,0,43,200.0,119
2025-07-26,Saturday,1,7,Summer,Lunch,0,Clear,0,0,19,77.0,109
2025-07-27,Sunday,1,7,Summer,Dinner,0,Rain,0,0,82,81.0,188
2025-07-27,Sunday,1,7,Summer,Lunch,0,Rain,0,0,15,69.0,74
2025-07-28,Monday,0,7,Summer,Dinner,0,Clear,0,0,40,64.0,124
2025-07-28,Monday,0,7,Summer,Lunch,0,Clear,0,0,4,53.0,26
2025-07-29,Tuesday,0,7,Summer,Dinner,0,Clear,0,0,41,161.0,86
2025-07-29,Tuesday,0,7,Summer,Lunch,0,Clear,0,0,14,104.0,66
2025-07-30,Wednesday,0,7,Summer,Dinner,0,Clear,0,0,73,89.0,191
2025-07-30,Wednesday,0,7,Summer,Lunch,0,Clear,1,0,17,74.0,101
2025-07-31,Thursday,0,7,Summer,Dinner,0,Clear,0,0,60,107.0,125
2025-07-31,Thursday,0,7,Summer,Lunch,0,Clear,0,0,10,53.0,48
2025-08-01,Friday,0,8,Summer,Dinner,0,Rain,0,0,121,194.0,242
2025-08-01,Friday,0,8,Summer,Lunch,0,Rain,0,0,20,74.0,88
2025-08-02,Saturday,1,8,Summer,Dinner,0,Clear,0,0,39,119.0,107
2025-08-02,Saturday,1,8,Summer,Lunch,0,Clear,0,0,10,109.0,61
2025-08-03,Sunday,1,8,Summer,Dinner,0,Clear,0,0,42,188.0,84
2025-08-03,Sunday,1,8,Summer,Lunch,0,Clear,1,0,24,74.0,103
2025-08-04,Monday,0,8,Summer,Dinner,0,Clear,0,0,81,124.0,176
2025-08-04,Monday,0,8,Summer,Lunch,0,Clear,0,0,15,26.0,61
2025-08-05,Tuesday,0,8,Summer,Dinner,0,Rain,0,0,39,86.0,119
2025-08-05,Tuesday,0,8,Summer,Lunch,0,Rain,0,0,9,66.0,57
2025-08-06,Wednesday,0,8,Summer,Dinner,0,Clear,0,0,37,191.0,93
2025-08-06,Wednesday,0,8,Summer,Lunch,0,Clear,0,0,14,101.0,72
2025-08-07,Thursday,0,8,Summer,Dinner,0,Clear,1,0,36,125.0,66
2025-08-07,Thursday,0,8,Summer,Lunch,0,Clear,0,0,4,48.0,49
2025-08-08,Friday,0,8,Summer,Dinner,0,Cloudy,0,0,66,242.0,181
2025-08-08,Friday,0,8,Summer,Lunch,0,Cloudy,0,0,13,88.0,74
2025-08-09,Saturday,1,8,Summer,Dinner,0,Clear,0,0,112,107.0,216
2025-08-09,Saturday,1,8,Summer,Lunch,0,Clear,0,0,35,61.0,168
2025-08-10,Sunday,1,8,Summer,Dinner,0,Cloudy,0,0,70,84.0,155
2025-08-10,Sunday,1,8,Summer,Lunch,0,Cloudy,0,1,8,103.0,55
2025-08-11,Monday,0,8,Summer,Dinner,0,Clear,0,0,64,176.0,120
2025-08-11,Monday,0,8,Summer,Lunch,0,Clear,0,1,26,61.0,81
2025-08-12,Tuesday,0,8,Summer,Dinner,0,Cloudy,0,0,49,119.0,88
2025-08-12,Tuesday,0,8,Summer,Lunch,0,Cloudy,0,0,26,57.0,109
2025-08-13,Wednesday,0,8,Summer,Dinner,0,Cloudy,0,0,56,93.0,154
2025-08-13,Wednesday,0,8,Summer,Lunch,0,Cloudy,0,0,15,72.0,82
2025-08-14,Thursday,0,8,Summer,Dinner,0,Clear,0,0,54,66.0,143
2025-08-14,Thursday,0,8,Summer,Lunch,0,Clear,0,0,12,49.0,54
2025-08-15,Friday,0,8,Summer,Dinner,0,Clear,0,0,35,181.0,97
2025-08-15,Friday,0,8,Summer,Lunch,0,Clear,0,0,18,74.0,67
2025-08-16,Saturday,1,8,Summer,Dinner,0,Clear,0,0,82,216.0,182
2025-08-16,Saturday,1,8,Summer,Lunch,0,Clear,0,0,19,168.0,107
2025-08-17,Sunday,1,8,Summer,Dinner,0,Clear,0,0,101,155.0,217
2025-08-17,Sunday,1,8,Summer,Lunch,0,Clear,0,0,11,55.0,76
2025-08-18,Monday,0,8,Summer,Dinner,0,Clear,1,0,50,120.0,126
2025-08-18,Monday,0,8,Summer,Lunch,0,Clear,0,0,20,81.0,67
2025-08-19,Tuesday,0,8,Summer,Dinner,0,Cloudy,0,0,33,88.0,69
2025-08-19,Tuesday,0,8,Summer,Lunch,0,Cloudy,1,0,9,109.0,65
2025-08-20,Wednesday,0,8,Summer,Dinner,0,Clear,0,0,97,154.0,202
2025-08-20,Wednesday,0,8,Summer,Lunch,0,Clear,0,0,14,82.0,70
2025-08-21,Thursday,0,8,Summer,Dinner,0,Clear,0,0,46,143.0,118
2025-08-21,Thursday,0,8,Summer,Lunch,0,Clear,0,0,9,54.0,49
2025-08-22,Friday,0,8,Summer,Dinner,0,Rain,0,0,81,97.0,180
2025-08-22,Friday,0,8,Summer,Lunch,0,Rain,0,0,15,67.0,82
2025-08-23,Saturday,1,8,Summer,Dinner,0,Clear,0,0,80,182.0,184
2025-08-23,Saturday,1,8,Summer,Lunch,0,Clear,0,0,18,107.0,76
2025-08-24,Sunday,1,8,Summer,Dinner,0,Rain,0,0,26,217.0,83
2025-08-24,Sunday,1,8,Summer,Lunch,0,Rain,0,1,15,76.0,58
2025-08-25,Monday,0,8,Summer,Dinner,0,Clear,0,0,56,126.0,128
2025-08-25,Monday,0,8,Summer,Lunch,0,Clear,0,0,10,67.0,28
2025-08-26,Tuesday,0,8,Summer,Dinner,0,Cloudy,0,0,40,69.0,107
2025-08-26,Tuesday,0,8,Summer,Lunch,0,Cloudy,0,0,3,65.0,46
2025-08-27,Wednesday,0,8,Summer,Dinner,0,Clear,0,0,17,202.0,56
2025-08-27,Wednesday,0,8,Summer,Lunch,0,Clear,0,1,12,70.0,61
2025-08-28,Thursday,0,8,Summer,Dinner,0,Cloudy,0,0,58,118.0,112
2025-08-28,Thursday,0,8,Summer,Lunch,0,Cloudy,0,0,19,49.0,72
2025-08-29,Friday,0,8,Summer,Dinner,1,Clear,0,0,69,180.0,129
2025-08-29,Friday,0,8,Summer,Lunch,1,Clear,0,0,24,82.0,116
2025-08-30,Saturday,1,8,Summer,Dinner,0,Rain,0,1,52,184.0,97
2025-08-30,Saturday,1,8,Summer,Lunch,0,Rain,0,0,10,76.0,70
2025-08-31,Sunday,1,8,Summer,Dinner,0,Clear,0,0,51,83.0,109
2025-08-31,Sunday,1,8,Summer,Lunch,0,Clear,0,0,12,58.0,88
2025-09-01,Monday,0,9,Fall,Dinner,0,Rain,0,0,34,128.0,55
2025-09-01,Monday,0,9,Fall,Lunch,0,Rain,0,0,2,28.0,16
2025-09-02,Tuesday,0,9,Fall,Dinner,0,Cloudy,0,0,39,107.0,99
2025-09-02,Tuesday,0,9,Fall,Lunch,0,Cloudy,0,0,9,46.0,53
2025-09-03,Wednesday,0,9,Fall,Dinner,0,Cloudy,1,0,27,56.0,51
2025-09-03,Wednesday,0,9,Fall,Lunch,0,Cloudy,0,1,26,61.0,119
2025-09-04,Thursday,0,9,Fall,Dinner,0,Clear,0,0,20,112.0,48
2025-09-04,Thursday,0,9,Fall,Lunch,0,Clear,0,0,15,72.0,54
2025-09-05,Friday,0,9,Fall,Dinner,0,Clear,0,0,56,129.0,126
2025-09-05,Friday,0,9,Fall,Lunch,0,Clear,0,0,22,116.0,108
2025-09-06,Saturday,1,9,Fall,Dinner,0,Clear,0,0,90,97.0,153
2025-09-06,Saturday,1,9,Fall,Lunch,0,Clear,0,0,23,70.0,58
2025-09-07,Sunday,1,9,Fall,Dinner,0,Clear,0,0,69,109.0,108
2025-09-07,Sunday,1,9,Fall,Lunch,0,Clear,0,1,21,88.0,84
2025-09-08,Monday,0,9,Fall,Dinner,0,Clear,0,0,63,55.0,148
2025-09-08,Monday,0,9,Fall,Lunch,0,Clear,0,1,17,16.0,81
2025-09-09,Tuesday,0,9,Fall,Dinner,0,Clear,1,0,50,99.0,109
2025-09-09,Tuesday,0,9,Fall,Lunch,0,Clear,0,0,6,53.0,24
2025-09-10,Wednesday,0,9,Fall,Dinner,0,Rain,0,0,60,51.0,149
2025-09-10,Wednesday,0,9,Fall,Lunch,0,Rain,0,0,11,119.0,61
2025-09-11,Thursday,0,9,Fall,Dinner,0,Rain,0,1,123,48.0,263
2025-09-11,Thursday,0,9,Fall,Lunch,0,Rain,0,0,6,54.0,28
2025-09-12,Friday,0,9,Fall,Dinner,0,Cloudy,0,0,34,126.0,70
2025-09-12,Friday,0,9,Fall,Lunch,0,Cloudy,0,0,33,108.0,136
2025-09-13,Saturday,1,9,Fall,Dinner,0,Clear,0,0,89,153.0,210
2025-09-13,Saturday,1,9,Fall,Lunch,0,Clear,0,0,20,58.0,74
2025-09-14,Sunday,1,9,Fall,Dinner,0,Cloudy,0,0,43,108.0,104
2025-09-14,Sunday,1,9,Fall,Lunch,0,Cloudy,0,0,21,84.0,83
2025-09-15,Monday,0,9,Fall,Dinner,0,Clear,0,0,44,148.0,122
2025-09-15,Monday,0,9,Fall,Lunch,0,Clear,0,0,9,81.0,37
2025-09-16,Tuesday,0,9,Fall,Dinner,0,Rain,0,0,23,109.0,42
2025-09-16,Tuesday,0,9,Fall,Lunch,0,Rain,0,0,7,24.0,40
2025-09-17,Wednesday,0,9,Fall,Dinner,0,Clear,0,0,51,149.0,130
2025-09-17,Wednesday,0,9,Fall,Lunch,0,Clear,0,0,11,61.0,57
2025-09-18,Thursday,0,9,Fall,Dinner,0,Clear,0,0,70,263.0,158
2025-09-18,Thursday,0,9,Fall,Lunch,0,Clear,0,0,8,28.0,19
2025-09-19,Friday,0,9,Fall,Dinner,0,Rain,1,0,76,70.0,187
2025-09-19,Friday,0,9,Fall,Lunch,0,Rain,0,0,17,136.0,62
2025-09-20,Saturday,1,9,Fall,Dinner,0,Clear,0,0,79,210.0,192
2025-09-20,Saturday,1,9,Fall,Lunch,0,Clear,0,0,21,74.0,110
2025-09-21,Sunday,1,9,Fall,Dinner,0,Cloudy,0,0,71,104.0,163
2025-09-21,Sunday,1,9,Fall,Lunch,0,Cloudy,0,0,12,83.0,60
2025-09-22,Monday,0,9,Fall,Dinner,0,Rain,0,1,14,122.0,55
2025-09-22,Monday,0,9,Fall,Lunch,0,Rain,0,0,12,37.0,54
2025-09-23,Tuesday,0,9,Fall,Dinner,0,Clear,0,0,46,42.0,105
2025-09-23,Tuesday,0,9,Fall,Lunch,0,Clear,0,0,7,40.0,39
2025-09-24,Wednesday,0,9,Fall,Dinner,0,Rain,0,0,30,130.0,55
2025-09-24,Wednesday,0,9,Fall,Lunch,0,Rain,0,0,11,57.0,75
2025-09-25,Thursday,0,9,Fall,Dinner,0,Cloudy,0,0,52,158.0,107
2025-09-25,Thursday,0,9,Fall,Lunch,0,Cloudy,0,0,11,19.0,55
2025-09-26,Friday,0,9,Fall,Dinner,0,Rain,0,1,105,187.0,209
2025-09-26,Friday,0,9,Fall,Lunch,0,Rain,0,0,10,62.0,48
2025-09-27,Saturday,1,9,Fall,Dinner,0,Cloudy,0,0,48,192.0,109
2025-09-27,Saturday,1,9,Fall,Lunch,0,Cloudy,0,0,23,110.0,98
2025-09-28,Sunday,1,9,Fall,Dinner,0,Clear,0,0,45,163.0,101
2025-09-28,Sunday,1,9,Fall,Lunch,0,Clear,1,0,10,60.0,71
2025-09-29,Monday,0,9,Fall,Dinner,0,Snow,0,0,45,55.0,117
2025-09-29,Monday,0,9,Fall,Lunch,0,Snow,0,0,14,54.0,44
2025-09-30,Tuesday,0,9,Fall,Dinner,0,Clear,0,0,33,105.0,56
2025-09-30,Tuesday,0,9,Fall,Lunch,0,Clear,0,0,4,39.0,39
2025-10-01,Wednesday,0,10,Fall,Dinner,0,Clear,0,1,28,55.0,52
2025-10-01,Wednesday,0,10,Fall,Lunch,0,Clear,0,0,4,75.0,34
2025-10-02,Thursday,0,10,Fall,Dinner,0,Cloudy,0,0,53,107.0,150
2025-10-02,Thursday,0,10,Fall,Lunch,0,Cloudy,0,0,7,55.0,51
2025-10-03,Friday,0,10,Fall,Dinner,0,Cloudy,0,0,41,209.0,106
2025-10-03,Friday,0,10,Fall,Lunch,0,Cloudy,0,0,14,48.0,52
2025-10-04,Saturday,1,10,Fall,Dinner,0,Cloudy,0,0,48,109.0,139
2025-10-04,Saturday,1,10,Fall,Lunch,0,Cloudy,0,0,22,98.0,75
2025-10-05,Sunday,1,10,Fall,Dinner,0,Clear,0,0,47,101.0,116
2025-10-05,Sunday,1,10,Fall,Lunch,0,Clear,0,0,16,71.0,70
2025-10-06,Monday,0,10,Fall,Dinner,0,Clear,0,0,45,117.0,96
2025-10-06,Monday,0,10,Fall,Lunch,0,Clear,0,0,5,44.0,50
2025-10-07,Tuesday,0,10,Fall,Dinner,0,Clear,0,0,43,56.0,81
2025-10-07,Tuesday,0,10,Fall,Lunch,0,Clear,0,0,16,39.0,65
2025-10-08,Wednesday,0,10,Fall,Dinner,0,Rain,0,1,52,52.0,108
2025-10-08,Wednesday,0,10,Fall,Lunch,0,Rain,0,0,12,34.0,38
2025-10-09,Thursday,0,10,Fall,Dinner,0,Clear,0,0,65,150.0,134
2025-10-09,Thursday,0,10,Fall,Lunch,0,Clear,0,0,4,51.0,36
2025-10-10,Friday,0,10,Fall,Dinner,0,Clear,1,0,31,106.0,74
2025-10-10,Friday,0,10,Fall,Lunch,0,Clear,0,0,21,52.0,73
2025-10-11,Saturday,1,10,Fall,Dinner,0,Clear,0,0,98,139.0,197
2025-10-11,Saturday,1,10,Fall,Lunch,0,Clear,1,0,29,75.0,141
2025-10-12,Sunday,1,10,Fall,Dinner,0,Clear,0,0,85,116.0,161
2025-10-12,Sunday,1,10,Fall,Lunch,0,Clear,0,0,4,70.0,39
2025-10-13,Monday,0,10,Fall,Dinner,0,Cloudy,0,0,43,96.0,82
2025-10-13,Monday,0,10,Fall,Lunch,0,Cloudy,0,0,12,50.0,45
2025-10-14,Tuesday,0,10,Fall,Dinner,0,Clear,0,0,63,81.0,167
2025-10-14,Tuesday,0,10,Fall,Lunch,0,Clear,0,0,4,65.0,28
2025-10-15,Wednesday,0,10,Fall,Dinner,0,Clear,1,0,91,108.0,231
2025-10-15,Wednesday,0,10,Fall,Lunch,0,Clear,0,0,14,38.0,59
2025-10-16,Thursday,0,10,Fall,Dinner,0,Cloudy,0,0,47,134.0,128
2025-10-16,Thursday,0,10,Fall,Lunch,0,Cloudy,0,1,12,36.0,43
2025-10-17,Friday,0,10,Fall,Dinner,0,Cloudy,0,0,101,74.0,207
2025-10-17,Friday,0,10,Fall,Lunch,0,Cloudy,0,0,14,73.0,64
2025-10-18,Saturday,1,10,Fall,Dinner,0,Rain,0,0,27,197.0,85
2025-10-18,Saturday,1,10,Fall,Lunch,0,Rain,0,0,19,141.0,79
2025-10-19,Sunday,1,10,Fall,Dinner,0,Clear,0,0,11,161.0,25
2025-10-19,Sunday,1,10,Fall,Lunch,0,Clear,0,0,8,39.0,75
2025-10-20,Monday,0,10,Fall,Dinner,0,Rain,0,0,26,82.0,60
2025-10-20,Monday,0,10,Fall,Lunch,0,Rain,0,0,6,45.0,47
2025-10-21,Tuesday,0,10,Fall,Dinner,0,Cloudy,0,0,77,167.0,182
2025-10-21,Tuesday,0,10,Fall,Lunch,0,Cloudy,0,0,15,28.0,64
2025-10-22,Wednesday,0,10,Fall,Dinner,0,Clear,1,0,147,231.0,320
2025-10-22,Wednesday,0,10,Fall,Lunch,0,Clear,0,0,9,59.0,67
2025-10-23,Thursday,0,10,Fall,Dinner,0,Clear,0,0,35,128.0,67
2025-10-23,Thursday,0,10,Fall,Lunch,0,Clear,0,0,15,43.0,46
2025-10-24,Friday,0,10,Fall,Dinner,0,Cloudy,0,0,26,207.0,70
2025-10-24,Friday,0,10,Fall,Lunch,0,Cloudy,0,0,18,64.0,85
2025-10-25,Saturday,1,10,Fall,Dinner,0,Cloudy,0,0,55,85.0,103
2025-10-25,Saturday,1,10,Fall,Lunch,0,Cloudy,0,0,15,79.0,69
2025-10-26,Sunday,1,10,Fall,Dinner,0,Cloudy,0,0,76,25.0,177
2025-10-26,Sunday,1,10,Fall,Lunch,0,Cloudy,0,0,18,75.0,95
2025-10-27,Monday,0,10,Fall,Dinner,0,Clear,0,0,123,60.0,229
2025-10-27,Monday,0,10,Fall,Lunch,0,Clear,0,0,6,47.0,26
2025-10-28,Tuesday,0,10,Fall,Dinner,0,Cloudy,0,0,40,182.0,85
2025-10-28,Tuesday,0,10,Fall,Lunch,0,Cloudy,0,0,4,64.0,28
2025-10-29,Wednesday,0,10,Fall,Dinner,0,Clear,0,0,58,320.0,126
2025-10-29,Wednesday,0,10,Fall,Lunch,0,Clear,0,0,10,67.0,59
2025-10-30,Thursday,0,10,Fall,Dinner,0,Rain,0,0,46,67.0,101
2025-10-30,Thursday,0,10,Fall,Lunch,0,Rain,0,0,14,46.0,62
2025-10-31,Friday,0,10,Fall,Dinner,0,Rain,0,0,64,70.0,115
2025-10-31,Friday,0,10,Fall,Lunch,0,Rain,0,0,4,85.0,48
2025-11-01,Saturday,1,11,Fall,Dinner,0,Rain,0,0,39,103.0,75
2025-11-01,Saturday,1,11,Fall,Lunch,0,Rain,0,0,9,69.0,70
2025-11-02,Sunday,1,11,Fall,Dinner,0,Clear,0,0,22,177.0,49
2025-11-02,Sunday,1,11,Fall,Lunch,0,Clear,0,0,27,95.0,93
2025-11-03,Monday,0,11,Fall,Dinner,0,Cloudy,0,0,42,229.0,97
2025-11-03,Monday,0,11,Fall,Lunch,0,Cloudy,0,0,16,26.0,63
2025-11-04,Tuesday,0,11,Fall,Dinner,0,Cloudy,0,0,49,85.0,112
2025-11-04,Tuesday,0,11,Fall,Lunch,0,Cloudy,0,0,3,28.0,17
2025-11-05,Wednesday,0,11,Fall,Dinner,0,Cloudy,0,0,43,126.0,78
2025-11-05,Wednesday,0,11,Fall,Lunch,0,Cloudy,0,0,7,59.0,34
2025-11-06,Thursday,0,11,Fall,Dinner,0,Clear,0,0,41,101.0,78
2025-11-06,Thursday,0,11,Fall,Lunch,0,Clear,0,0,14,62.0,85
2025-11-07,Friday,0,11,Fall,Dinner,0,Clear,0,0,75,115.0,163
2025-11-07,Friday,0,11,Fall,Lunch,0,Clear,0,0,15,48.0,91
2025-11-08,Saturday,1,11,Fall,Dinner,0,Clear,0,0,61,75.0,104
2025-11-08,Saturday,1,11,Fall,Lunch,0,Clear,0,0,13,70.0,56
2025-11-09,Sunday,1,11,Fall,Dinner,0,Rain,0,0,51,49.0,97
2025-11-09,Sunday,1,11,Fall,Lunch,0,Rain,0,0,6,93.0,49
2025-11-10,Monday,0,11,Fall,Dinner,0,Snow,0,0,16,97.0,67
2025-11-10,Monday,0,11,Fall,Lunch,0,Snow,0,0,6,63.0,40
2025-11-11,Tuesday,0,11,Fall,Dinner,0,Clear,0,0,21,112.0,42
2025-11-11,Tuesday,0,11,Fall,Lunch,0,Clear,0,0,16,17.0,65
2025-11-12,Wednesday,0,11,Fall,Dinner,0,Clear,0,0,38,78.0,93
2025-11-12,Wednesday,0,11,Fall,Lunch,0,Clear,0,0,12,34.0,55
2025-11-13,Thursday,0,11,Fall,Dinner,0,Cloudy,0,0,39,78.0,96
2025-11-13,Thursday,0,11,Fall,Lunch,0,Cloudy,0,0,6,85.0,45
2025-11-14,Friday,0,11,Fall,Dinner,0,Clear,0,0,114,163.0,261
2025-11-14,Friday,0,11,Fall,Lunch,0,Clear,0,1,16,91.0,114
2025-11-15,Saturday,1,11,Fall,Dinner,0,Snow,0,0,59,104.0,152
2025-11-15,Saturday,1,11,Fall,Lunch,0,Snow,0,0,25,56.0,109
2025-11-16,Sunday,1,11,Fall,Dinner,0,Cloudy,0,0,41,97.0,78
2025-11-16,Sunday,1,11,Fall,Lunch,0,Cloudy,0,0,32,49.0,157
2025-11-17,Monday,0,11,Fall,Dinner,0,Clear,0,1,25,67.0,66
2025-11-17,Monday,0,11,Fall,Lunch,0,Clear,0,0,13,40.0,62
2025-11-18,Tuesday,0,11,Fall,Dinner,0,Clear,0,1,43,42.0,81
2025-11-18,Tuesday,0,11,Fall,Lunch,0,Clear,0,0,8,65.0,40
2025-11-19,Wednesday,0,11,Fall,Dinner,0,Cloudy,0,0,35,93.0,88
2025-11-19,Wednesday,0,11,Fall,Lunch,0,Cloudy,0,0,6,55.0,28
2025-11-20,Thursday,0,11,Fall,Dinner,0,Clear,0,0,28,96.0,71
2025-11-20,Thursday,0,11,Fall,Lunch,0,Clear,0,0,8,45.0,50
2025-11-21,Friday,0,11,Fall,Dinner,0,Cloudy,0,0,61,261.0,113
2025-11-21,Friday,0,11,Fall,Lunch,0,Cloudy,0,1,26,114.0,112
2025-11-22,Saturday,1,11,Fall,Dinner,0,Rain,0,0,132,152.0,275
2025-11-22,Saturday,1,11,Fall,Lunch,0,Rain,0,0,22,109.0,105
2025-11-23,Sunday,1,11,Fall,Dinner,1,Rain,0,0,87,78.0,195
2025-11-23,Sunday,1,11,Fall,Lunch,1,Rain,0,0,7,157.0,33
2025-11-24,Monday,0,11,Fall,Dinner,0,Clear,0,0,44,66.0,100
2025-11-24,Monday,0,11,Fall,Lunch,0,Clear,0,0,11,62.0,66
2025-11-25,Tuesday,0,11,Fall,Dinner,0,Cloudy,0,0,23,81.0,70
2025-11-25,Tuesday,0,11,Fall,Lunch,0,Cloudy,0,0,7,40.0,51
2025-11-26,Wednesday,0,11,Fall,Dinner,0,Rain,0,0,69,88.0,110
2025-11-26,Wednesday,0,11,Fall,Lunch,0,Rain,0,1,8,28.0,42
2025-11-27,Thursday,0,11,Fall,Dinner,0,Cloudy,0,0,31,71.0,94
2025-11-27,Thursday,0,11,Fall,Lunch,0,Cloudy,0,1,9,50.0,50
2025-11-28,Friday,0,11,Fall,Dinner,0,Clear,0,0,75,113.0,172
2025-11-28,Friday,0,11,Fall,Lunch,0,Clear,0,0,14,112.0,76
2025-11-29,Saturday,1,11,Fall,Dinner,0,Clear,1,0,88,275.0,184
2025-11-29,Saturday,1,11,Fall,Lunch,0,Clear,0,0,28,105.0,122
2025-11-30,Sunday,1,11,Fall,Dinner,0,Cloudy,0,0,34,195.0,73
2025-11-30,Sunday,1,11,Fall,Lunch,0,Cloudy,0,0,5,33.0,38
2025-12-01,Monday,0,12,Winter,Dinner,0,Snow,0,0,47,100.0,106
2025-12-01,Monday,0,12,Winter,Lunch,0,Snow,0,0,15,66.0,58
2025-12-02,Tuesday,0,12,Winter,Dinner,0,Clear,0,0,26,70.0,78
2025-12-02,Tuesday,0,12,Winter,Lunch,0,Clear,0,0,13,51.0,56
2025-12-03,Wednesday,0,12,Winter,Dinner,0,Rain,0,0,10,110.0,44
2025-12-03,Wednesday,0,12,Winter,Lunch,0,Rain,0,1,18,42.0,89
2025-12-04,Thursday,0,12,Winter,Dinner,1,Cloudy,0,1,90,94.0,180
2025-12-04,Thursday,0,12,Winter,Lunch,1,Cloudy,0,0,7,50.0,69
2025-12-05,Friday,0,12,Winter,Dinner,0,Cloudy,0,0,59,172.0,137
2025-12-05,Friday,0,12,Winter,Lunch,0,Cloudy,0,0,9,76.0,42
2025-12-06,Saturday,1,12,Winter,Dinner,0,Clear,0,0,47,184.0,98
2025-12-06,Saturday,1,12,Winter,Lunch,0,Clear,0,0,16,122.0,71
2025-12-07,Sunday,1,12,Winter,Dinner,0,Snow,0,0,73,73.0,127
2025-12-07,Sunday,1,12,Winter,Lunch,0,Snow,0,0,18,38.0,63
2025-12-08,Monday,0,12,Winter,Dinner,0,Clear,0,1,92,106.0,183
2025-12-08,Monday,0,12,Winter,Lunch,0,Clear,0,0,8,58.0,66
2025-12-09,Tuesday,0,12,Winter,Dinner,0,Cloudy,0,1,51,78.0,127
2025-12-09,Tuesday,0,12,Winter,Lunch,0,Cloudy,0,0,9,56.0,39
2025-12-10,Wednesday,0,12,Winter,Dinner,0,Cloudy,0,0,50,44.0,98
2025-12-10,Wednesday,0,12,Winter,Lunch,0,Cloudy,0,1,5,89.0,20
2025-12-11,Thursday,0,12,Winter,Dinner,0,Clear,0,0,68,180.0,148
2025-12-11,Thursday,0,12,Winter,Lunch,0,Clear,0,0,19,69.0,51
2025-12-12,Friday,0,12,Winter,Dinner,0,Snow,0,0,63,137.0,137
2025-12-12,Friday,0,12,Winter,Lunch,0,Snow,0,0,24,42.0,114
2025-12-13,Saturday,1,12,Winter,Dinner,0,Rain,0,0,75,98.0,173
2025-12-13,Saturday,1,12,Winter,Lunch,0,Rain,0,0,21,71.0,88
2025-12-14,Sunday,1,12,Winter,Dinner,0,Clear,0,0,37,127.0,94
2025-12-14,Sunday,1,12,Winter,Lunch,0,Clear,0,0,22,63.0,91
2025-12-15,Monday,0,12,Winter,Dinner,0,Cloudy,0,0,78,183.0,152
2025-12-15,Monday,0,12,Winter,Lunch,0,Cloudy,0,0,8,66.0,25
2025-12-16,Tuesday,0,12,Winter,Dinner,0,Clear,0,0,48,127.0,111
2025-12-16,Tuesday,0,12,Winter,Lunch,0,Clear,0,0,14,39.0,58
2025-12-17,Wednesday,0,12,Winter,Dinner,0,Clear,0,0,49,98.0,130
2025-12-17,Wednesday,0,12,Winter,Lunch,0,Clear,0,0,25,20.0,82
2025-12-18,Thursday,0,12,Winter,Dinner,0,Clear,0,0,53,148.0,113
2025-12-18,Thursday,0,12,Winter,Lunch,0,Clear,0,0,9,51.0,38
2025-12-19,Friday,0,12,Winter,Dinner,0,Clear,0,0,83,137.0,195
2025-12-19,Friday,0,12,Winter,Lunch,0,Clear,0,0,16,114.0,89
2025-12-20,Saturday,1,12,Winter,Dinner,0,Cloudy,0,0,66,173.0,159
2025-12-20,Saturday,1,12,Winter,Lunch,0,Cloudy,0,1,9,88.0,58
2025-12-21,Sunday,1,12,Winter,Dinner,0,Snow,0,1,99,94.0,258
2025-12-21,Sunday,1,12,Winter,Lunch,0,Snow,0,0,13,91.0,71
2025-12-22,Monday,0,12,Winter,Dinner,0,Cloudy,0,0,48,152.0,88
2025-12-22,Monday,0,12,Winter,Lunch,0,Cloudy,0,1,13,25.0,62
2025-12-23,Tuesday,0,12,Winter,Dinner,0,Rain,0,0,82,111.0,170
2025-12-23,Tuesday,0,12,Winter,Lunch,0,Rain,0,0,17,58.0,75
2025-12-24,Wednesday,0,12,Winter,Dinner,0,Snow,0,0,34,130.0,75
2025-12-24,Wednesday,0,12,Winter,Lunch,0,Snow,0,0,6,82.0,35
2025-12-25,Thursday,0,12,Winter,Dinner,0,Cloudy,0,0,43,113.0,95
2025-12-25,Thursday,0,12,Winter,Lunch,0,Cloudy,0,0,11,38.0,70
2025-12-26,Friday,0,12,Winter,Dinner,0,Rain,0,0,70,195.0,148
2025-12-26,Friday,0,12,Winter,Lunch,0,Rain,0,1,18,89.0,121
2025-12-27,Saturday,1,12,Winter,Dinner,0,Cloudy,0,0,76,159.0,212
2025-12-27,Saturday,1,12,Winter,Lunch,0,Cloudy,0,1,9,58.0,69
2025-12-28,Sunday,1,12,Winter,Dinner,0,Cloudy,0,0,30,258.0,67
2025-12-28,Sunday,1,12,Winter,Lunch,0,Cloudy,0,0,35,71.0,173
2025-12-29,Monday,0,12,Winter,Dinner,0,Rain,0,0,55,88.0,114
2025-12-29,Monday,0,12,Winter,Lunch,0,Rain,0,0,12,62.0,48
2025-12-30,Tuesday,0,12,Winter,Dinner,0,Cloudy,1,0,55,170.0,113
2025-12-30,Tuesday,0,12,Winter,Lunch,0,Cloudy,0,0,3,75.0,23
2025-12-31,Wednesday,0,12,Winter,Dinner,0,Clear,0,0,24,75.0,68
2025-12-31,Wednesday,0,12,Winter,Lunch,0,Clear,0,0,14,35.0,69
2026-01-01,Thursday,0,1,Winter,Dinner,0,Cloudy,0,0,47,95.0,90
2026-01-01,Thursday,0,1,Winter,Lunch,0,Cloudy,0,0,10,70.0,40
2026-01-02,Friday,0,1,Winter,Dinner,0,Cloudy,0,1,92,148.0,178
2026-01-02,Friday,0,1,Winter,Lunch,0,Cloudy,0,0,15,121.0,68
2026-01-03,Saturday,1,1,Winter,Dinner,0,Snow,0,1,51,212.0,131
2026-01-03,Saturday,1,1,Winter,Lunch,0,Snow,0,0,8,69.0,41
2026-01-04,Sunday,1,1,Winter,Dinner,0,Clear,0,0,22,67.0,56
2026-01-04,Sunday,1,1,Winter,Lunch,0,Clear,0,0,7,173.0,50
2026-01-05,Monday,0,1,Winter,Dinner,1,Clear,0,0,54,114.0,123
2026-01-05,Monday,0,1,Winter,Lunch,1,Clear,0,0,5,48.0,36
2026-01-06,Tuesday,0,1,Winter,Dinner,0,Clear,0,0,60,113.0,140
2026-01-06,Tuesday,0,1,Winter,Lunch,0,Clear,0,0,17,23.0,77
2026-01-07,Wednesday,0,1,Winter,Dinner,0,Cloudy,0,0,17,68.0,40
2026-01-07,Wednesday,0,1,Winter,Lunch,0,Cloudy,0,0,9,69.0,58
2026-01-08,Thursday,0,1,Winter,Dinner,0,Clear,1,0,43,90.0,101
2026-01-08,Thursday,0,1,Winter,Lunch,0,Clear,0,0,10,40.0,44
2026-01-09,Friday,0,1,Winter,Dinner,0,Cloudy,0,0,73,178.0,162
2026-01-09,Friday,0,1,Winter,Lunch,0,Cloudy,0,0,10,68.0,46
2026-01-10,Saturday,1,1,Winter,Dinner,0,Rain,0,0,61,131.0,135
2026-01-10,Saturday,1,1,Winter,Lunch,0,Rain,0,0,12,41.0,88
2026-01-11,Sunday,1,1,Winter,Dinner,1,Cloudy,0,1,55,56.0,120
2026-01-11,Sunday,1,1,Winter,Lunch,1,Cloudy,0,0,12,50.0,68
2026-01-12,Monday,0,1,Winter,Dinner,0,Cloudy,0,0,11,123.0,30
2026-01-12,Monday,0,1,Winter,Lunch,0,Cloudy,1,0,12,36.0,74
2026-01-13,Tuesday,0,1,Winter,Dinner,0,Rain,0,1,22,140.0,48
2026-01-13,Tuesday,0,1,Winter,Lunch,0,Rain,0,0,5,77.0,27
2026-01-14,Wednesday,0,1,Winter,Dinner,0,Clear,0,0,37,40.0,104
2026-01-14,Wednesday,0,1,Winter,Lunch,0,Clear,0,0,16,58.0,67
2026-01-15,Thursday,0,1,Winter,Dinner,0,Rain,0,0,114,101.0,256
2026-01-15,Thursday,0,1,Winter,Lunch,0,Rain,0,0,9,44.0,44
2026-01-16,Friday,0,1,Winter,Dinner,0,Clear,0,1,87,162.0,207
2026-01-16,Friday,0,1,Winter,Lunch,0,Clear,0,1,20,46.0,126
2026-01-17,Saturday,1,1,Winter,Dinner,0,Cloudy,0,0,57,135.0,105
2026-01-17,Saturday,1,1,Winter,Lunch,0,Cloudy,0,0,16,88.0,102
2026-01-18,Sunday,1,1,Winter,Dinner,0,Clear,0,0,56,120.0,122
2026-01-18,Sunday,1,1,Winter,Lunch,0,Clear,0,0,16,68.0,63
2026-01-19,Monday,0,1,Winter,Dinner,0,Rain,0,0,53,30.0,119
2026-01-19,Monday,0,1,Winter,Lunch,0,Rain,0,0,8,74.0,49
2026-01-20,Tuesday,0,1,Winter,Dinner,0,Clear,0,0,30,48.0,94
2026-01-20,Tuesday,0,1,Winter,Lunch,0,Clear,1,0,9,27.0,63
2026-01-21,Wednesday,0,1,Winter,Dinner,0,Snow,0,0,21,104.0,50
2026-01-21,Wednesday,0,1,Winter,Lunch,0,Snow,0,0,12,67.0,57
2026-01-22,Thursday,0,1,Winter,Dinner,0,Cloudy,0,0,52,256.0,112
2026-01-22,Thursday,0,1,Winter,Lunch,0,Cloudy,0,0,9,44.0,52
2026-01-23,Friday,0,1,Winter,Dinner,0,Cloudy,0,0,33,207.0,90
2026-01-23,Friday,0,1,Winter,Lunch,0,Cloudy,0,0,13,126.0,54
2026-01-24,Saturday,1,1,Winter,Dinner,0,Rain,0,0,24,105.0,61
2026-01-24,Saturday,1,1,Winter,Lunch,0,Rain,0,0,14,102.0,64
2026-01-25,Sunday,1,1,Winter,Dinner,0,Cloudy,0,0,40,122.0,89
2026-01-25,Sunday,1,1,Winter,Lunch,0,Cloudy,0,0,11,63.0,88
2026-01-26,Monday,0,1,Winter,Dinner,0,Cloudy,0,0,20,119.0,41
2026-01-26,Monday,0,1,Winter,Lunch,0,Cloudy,0,0,7,49.0,55
2026-01-27,Tuesday,0,1,Winter,Dinner,0,Rain,0,0,36,94.0,80
2026-01-27,Tuesday,0,1,Winter,Lunch,0,Rain,0,0,14,63.0,53
2026-01-28,Wednesday,0,1,Winter,Dinner,0,Clear,0,0,65,50.0,143
2026-01-28,Wednesday,0,1,Winter,Lunch,0,Clear,0,0,4,57.0,39
2026-01-29,Thursday,0,1,Winter,Dinner,0,Clear,0,1,38,112.0,123
2026-01-29,Thursday,0,1,Winter,Lunch,0,Clear,0,0,12,52.0,36
2026-01-30,Friday,0,1,Winter,Dinner,0,Cloudy,0,0,39,90.0,99
2026-01-30,Friday,0,1,Winter,Lunch,0,Cloudy,0,0,2,54.0,31
2026-01-31,Saturday,1,1,Winter,Dinner,0,Clear,0,0,48,61.0,139
2026-01-31,Saturday,1,1,Winter,Lunch,0,Clear,0,0,30,64.0,116
2026-02-01,Sunday,1,2,Winter,Dinner,0,Snow,0,0,37,89.0,87
2026-02-01,Sunday,1,2,Winter,Lunch,0,Snow,0,0,17,88.0,61
2026-02-02,Monday,0,2,Winter,Dinner,0,Snow,0,0,58,41.0,99
2026-02-02,Monday,0,2,Winter,Lunch,0,Snow,0,0,5,55.0,15
2026-02-03,Tuesday,0,2,Winter,Dinner,0,Clear,0,0,37,80.0,84
2026-02-03,Tuesday,0,2,Winter,Lunch,0,Clear,0,0,4,53.0,27
2026-02-04,Wednesday,0,2,Winter,Dinner,0,Snow,0,0,30,143.0,76
2026-02-04,Wednesday,0,2,Winter,Lunch,0,Snow,0,0,8,39.0,32
2026-02-05,Thursday,0,2,Winter,Dinner,0,Clear,0,0,39,123.0,85
2026-02-05,Thursday,0,2,Winter,Lunch,0,Clear,0,0,12,36.0,47
2026-02-06,Friday,0,2,Winter,Dinner,0,Cloudy,0,0,72,99.0,169
2026-02-06,Friday,0,2,Winter,Lunch,0,Cloudy,0,0,6,31.0,50
2026-02-07,Saturday,1,2,Winter,Dinner,0,Clear,0,0,59,139.0,107
2026-02-07,Saturday,1,2,Winter,Lunch,0,Clear,0,0,17,116.0,67
2026-02-08,Sunday,1,2,Winter,Dinner,0,Clear,0,0,21,87.0,51
2026-02-08,Sunday,1,2,Winter,Lunch,0,Clear,0,0,10,61.0,88
2026-02-09,Monday,0,2,Winter,Dinner,0,Cloudy,1,0,42,99.0,105
2026-02-09,Monday,0,2,Winter,Lunch,0,Cloudy,0,0,9,15.0,35
2026-02-10,Tuesday,0,2,Winter,Dinner,0,Snow,0,0,43,84.0,84
2026-02-10,Tuesday,0,2,Winter,Lunch,0,Snow,0,0,4,27.0,42
2026-02-11,Wednesday,0,2,Winter,Dinner,0,Clear,0,0,60,76.0,125
2026-02-11,Wednesday,0,2,Winter,Lunch,0,Clear,0,0,6,32.0,28
2026-02-12,Thursday,0,2,Winter,Dinner,0,Cloudy,0,0,50,85.0,91
2026-02-12,Thursday,0,2,Winter,Lunch,0,Cloudy,0,0,14,47.0,62
2026-02-13,Friday,0,2,Winter,Dinner,0,Cloudy,0,0,41,169.0,91
2026-02-13,Friday,0,2,Winter,Lunch,0,Cloudy,0,0,9,50.0,64
2026-02-14,Saturday,1,2,Winter,Dinner,0,Rain,0,0,75,107.0,155
2026-02-14,Saturday,1,2,Winter,Lunch,0,Rain,0,0,10,67.0,44
2026-02-15,Sunday,1,2,Winter,Dinner,0,Clear,0,0,42,51.0,91
2026-02-15,Sunday,1,2,Winter,Lunch,0,Clear,0,0,11,88.0,54
2026-02-16,Monday,0,2,Winter,Dinner,0,Rain,0,0,30,105.0,68
2026-02-16,Monday,0,2,Winter,Lunch,0,Rain,0,0,12,35.0,66
2026-02-17,Tuesday,0,2,Winter,Dinner,0,Rain,0,0,34,84.0,66
2026-02-17,Tuesday,0,2,Winter,Lunch,0,Rain,0,0,7,42.0,32
2026-02-18,Wednesday,0,2,Winter,Dinner,0,Clear,1,0,57,125.0,163
2026-02-18,Wednesday,0,2,Winter,Lunch,0,Clear,0,0,3,28.0,24
2026-02-19,Thursday,0,2,Winter,Dinner,0,Cloudy,0,0,49,91.0,104
2026-02-19,Thursday,0,2,Winter,Lunch,0,Cloudy,0,0,4,62.0,24
2026-02-20,Friday,0,2,Winter,Dinner,0,Cloudy,0,0,65,91.0,122
2026-02-20,Friday,0,2,Winter,Lunch,0,Cloudy,0,0,9,64.0,49
2026-02-21,Saturday,1,2,Winter,Dinner,0,Rain,0,0,77,155.0,169
2026-02-21,Saturday,1,2,Winter,Lunch,0,Rain,0,0,7,44.0,31
2026-02-22,Sunday,1,2,Winter,Dinner,0,Clear,0,0,65,91.0,145
2026-02-22,Sunday,1,2,Winter,Lunch,0,Clear,0,0,5,54.0,24
2026-02-23,Monday,0,2,Winter,Dinner,0,Rain,0,0,38,68.0,78
2026-02-23,Monday,0,2,Winter,Lunch,0,Rain,0,0,16,66.0,63
2026-02-24,Tuesday,0,2,Winter,Dinner,0,Snow,0,1,32,66.0,70
2026-02-24,Tuesday,0,2,Winter,Lunch,0,Snow,0,0,10,32.0,44
2026-02-25,Wednesday,0,2,Winter,Dinner,0,Cloudy,0,0,20,163.0,50
2026-02-25,Wednesday,0,2,Winter,Lunch,0,Cloudy,0,0,4,24.0,28
2026-02-26,Thursday,0,2,Winter,Dinner,0,Cloudy,0,0,51,104.0,107
2026-02-26,Thursday,0,2,Winter,Lunch,0,Cloudy,0,0,6,24.0,68
2026-02-27,Friday,0,2,Winter,Dinner,0,Rain,0,0,52,122.0,111
2026-02-27,Friday,0,2,Winter,Lunch,0,Rain,0,0,3,49.0,48
2026-02-28,Saturday,1,2,Winter,Dinner,0,Rain,0,0,35,169.0,79
2026-02-28,Saturday,1,2,Winter,Lunch,0,Rain,0,0,10,31.0,67
2026-03-01,Sunday,1,3,Spring,Dinner,0,Rain,1,0,86,145.0,197
2026-03-01,Sunday,1,3,Spring,Lunch,0,Rain,0,0,6,24.0,49
2026-03-02,Monday,0,3,Spring,Dinner,0,Clear,0,0,25,78.0,83
2026-03-02,Monday,0,3,Spring,Lunch,0,Clear,0,0,9,63.0,59
2026-03-03,Tuesday,0,3,Spring,Dinner,0,Rain,0,0,38,70.0,89
2026-03-03,Tuesday,0,3,Spring,Lunch,0,Rain,0,0,4,44.0,28
2026-03-04,Wednesday,0,3,Spring,Dinner,0,Cloudy,0,0,36,50.0,69
2026-03-04,Wednesday,0,3,Spring,Lunch,0,Cloudy,0,0,13,28.0,51
2026-03-05,Thursday,0,3,Spring,Dinner,0,Clear,0,0,57,107.0,131
2026-03-05,Thursday,0,3,Spring,Lunch,0,Clear,0,1,17,68.0,112
2026-03-06,Friday,0,3,Spring,Dinner,0,Cloudy,0,0,42,111.0,85
2026-03-06,Friday,0,3,Spring,Lunch,0,Cloudy,0,1,15,48.0,78
2026-03-07,Saturday,1,3,Spring,Dinner,0,Clear,0,0,95,79.0,181
2026-03-07,Saturday,1,3,Spring,Lunch,0,Clear,0,1,31,67.0,136
2026-03-08,Sunday,1,3,Spring,Dinner,0,Clear,0,0,45,197.0,111
2026-03-08,Sunday,1,3,Spring,Lunch,0,Clear,0,0,15,49.0,56
2026-03-09,Monday,0,3,Spring,Dinner,0,Rain,0,0,27,83.0,65
2026-03-09,Monday,0,3,Spring,Lunch,0,Rain,0,0,9,59.0,44
2026-03-10,Tuesday,0,3,Spring,Dinner,0,Cloudy,0,0,85,89.0,183
2026-03-10,Tuesday,0,3,Spring,Lunch,0,Cloudy,0,0,4,28.0,28
2026-03-11,Wednesday,0,3,Spring,Dinner,0,Cloudy,0,1,84,69.0,178
2026-03-11,Wednesday,0,3,Spring,Lunch,0,Cloudy,0,0,9,51.0,54
2026-03-12,Thursday,0,3,Spring,Dinner,0,Cloudy,0,0,24,131.0,70
2026-03-12,Thursday,0,3,Spring,Lunch,0,Cloudy,0,0,11,112.0,83
2026-03-13,Friday,0,3,Spring,Dinner,0,Cloudy,0,0,57,85.0,138
2026-03-13,Friday,0,3,Spring,Lunch,0,Cloudy,0,1,11,78.0,78
2026-03-14,Saturday,1,3,Spring,Dinner,0,Clear,0,0,44,181.0,113
2026-03-14,Saturday,1,3,Spring,Lunch,0,Clear,0,0,15,136.0,79
2026-03-15,Sunday,1,3,Spring,Dinner,0,Clear,0,0,74,111.0,158
2026-03-15,Sunday,1,3,Spring,Lunch,0,Clear,0,0,15,56.0,57
2026-03-16,Monday,0,3,Spring,Dinner,1,Rain,0,0,29,65.0,71
2026-03-16,Monday,0,3,Spring,Lunch,1,Rain,0,0,16,44.0,84
2026-03-17,Tuesday,0,3,Spring,Dinner,0,Rain,0,0,54,183.0,110
2026-03-17,Tuesday,0,3,Spring,Lunch,0,Rain,0,0,4,28.0,41
2026-03-18,Wednesday,0,3,Spring,Dinner,0,Cloudy,0,0,33,178.0,104
2026-03-18,Wednesday,0,3,Spring,Lunch,0,Cloudy,0,0,7,54.0,37
2026-03-19,Thursday,0,3,Spring,Dinner,0,Cloudy,0,1,41,70.0,82
2026-03-19,Thursday,0,3,Spring,Lunch,0,Cloudy,0,0,14,83.0,72
2026-03-20,Friday,0,3,Spring,Dinner,0,Clear,1,0,94,138.0,201
2026-03-20,Friday,0,3,Spring,Lunch,0,Clear,0,0,8,78.0,51
2026-03-21,Saturday,1,3,Spring,Dinner,0,Clear,0,0,64,113.0,141
2026-03-21,Saturday,1,3,Spring,Lunch,0,Clear,0,0,15,79.0,88
2026-03-22,Sunday,1,3,Spring,Dinner,0,Cloudy,0,0,76,158.0,145
2026-03-22,Sunday,1,3,Spring,Lunch,0,Cloudy,0,0,13,57.0,71
2026-03-23,Monday,0,3,Spring,Dinner,0,Cloudy,0,0,101,71.0,203
2026-03-23,Monday,0,3,Spring,Lunch,0,Cloudy,0,1,14,84.0,66
2026-03-24,Tuesday,0,3,Spring,Dinner,0,Rain,0,0,28,110.0,57
2026-03-24,Tuesday,0,3,Spring,Lunch,0,Rain,0,0,5,41.0,24
2026-03-25,Wednesday,0,3,Spring,Dinner,0,Clear,0,0,44,104.0,99
2026-03-25,Wednesday,0,3,Spring,Lunch,0,Clear,0,0,12,37.0,41
2026-03-26,Thursday,0,3,Spring,Dinner,0,Clear,0,0,49,82.0,106
2026-03-26,Thursday,0,3,Spring,Lunch,0,Clear,0,0,17,72.0,78
2026-03-27,Friday,0,3,Spring,Dinner,0,Snow,0,0,56,201.0,124
2026-03-27,Friday,0,3,Spring,Lunch,0,Snow,0,0,6,51.0,30
2026-03-28,Saturday,1,3,Spring,Dinner,0,Rain,0,0,120,141.0,251
2026-03-28,Saturday,1,3,Spring,Lunch,0,Rain,0,0,14,88.0,68
2026-03-29,Sunday,1,3,Spring,Dinner,0,Clear,0,1,26,145.0,62
2026-03-29,Sunday,1,3,Spring,Lunch,0,Clear,0,0,10,71.0,59
2026-03-30,Monday,0,3,Spring,Dinner,0,Cloudy,1,0,62,203.0,132
2026-03-30,Monday,0,3,Spring,Lunch,0,Cloudy,0,0,3,66.0,25
2026-03-31,Tuesday,0,3,Spring,Dinner,0,Cloudy,0,0,55,57.0,132
2026-03-31,Tuesday,0,3,Spring,Lunch,0,Cloudy,0,0,3,24.0,20
2026-04-01,Wednesday,0,4,Spring,Dinner,0,Rain,0,0,31,99.0,67
2026-04-01,Wednesday,0,4,Spring,Lunch,0,Rain,0,1,21,41.0,59
2026-04-02,Thursday,0,4,Spring,Dinner,0,Clear,0,0,59,106.0,116
2026-04-02,Thursday,0,4,Spring,Lunch,0,Clear,0,0,19,78.0,108
2026-04-03,Friday,0,4,Spring,Dinner,0,Clear,0,0,63,124.0,156
2026-04-03,Friday,0,4,Spring,Lunch,0,Clear,0,1,40,30.0,163
2026-04-04,Saturday,1,4,Spring,Dinner,0,Rain,0,0,75,251.0,167
2026-04-04,Saturday,1,4,Spring,Lunch,0,Rain,0,0,7,68.0,45
2026-04-05,Sunday,1,4,Spring,Dinner,0,Clear,0,0,66,62.0,176
2026-04-05,Sunday,1,4,Spring,Lunch,0,Clear,0,0,11,59.0,41
2026-04-06,Monday,0,4,Spring,Dinner,0,Rain,0,0,41,132.0,80
2026-04-06,Monday,0,4,Spring,Lunch,0,Rain,0,0,13,25.0,64
2026-04-07,Tuesday,0,4,Spring,Dinner,1,Cloudy,0,0,45,132.0,127
2026-04-07,Tuesday,0,4,Spring,Lunch,1,Cloudy,0,1,8,20.0,49
2026-04-08,Wednesday,0,4,Spring,Dinner,0,Clear,0,0,61,67.0,114
2026-04-08,Wednesday,0,4,Spring,Lunch,0,Clear,0,0,14,59.0,67
2026-04-09,Thursday,0,4,Spring,Dinner,0,Clear,0,1,35,116.0,67
2026-04-09,Thursday,0,4,Spring,Lunch,0,Clear,0,0,13,108.0,65
2026-04-10,Friday,0,4,Spring,Dinner,0,Clear,0,0,71,156.0,139
2026-04-10,Friday,0,4,Spring,Lunch,0,Clear,0,1,24,163.0,132
2026-04-11,Saturday,1,4,Spring,Dinner,0,Rain,0,0,55,167.0,130
2026-04-11,Saturday,1,4,Spring,Lunch,0,Rain,0,0,33,45.0,110
2026-04-12,Sunday,1,4,Spring,Dinner,0,Clear,0,0,65,176.0,137
2026-04-12,Sunday,1,4,Spring,Lunch,0,Clear,1,0,5,41.0,32
2026-04-13,Monday,0,4,Spring,Dinner,0,Rain,1,0,39,80.0,68
2026-04-13,Monday,0,4,Spring,Lunch,0,Rain,0,0,2,64.0,26
2026-04-14,Tuesday,0,4,Spring,Dinner,0,Cloudy,0,0,47,127.0,116
2026-04-14,Tuesday,0,4,Spring,Lunch,0,Cloudy,0,0,6,49.0,27
2026-04-15,Wednesday,0,4,Spring,Dinner,0,Rain,0,0,68,114.0,137
2026-04-15,Wednesday,0,4,Spring,Lunch,0,Rain,0,0,7,67.0,37
2026-04-16,Thursday,0,4,Spring,Dinner,0,Clear,0,0,14,67.0,33
2026-04-16,Thursday,0,4,Spring,Lunch,0,Clear,0,0,12,65.0,76
2026-04-17,Friday,0,4,Spring,Dinner,0,Rain,0,0,83,139.0,188
2026-04-17,Friday,0,4,Spring,Lunch,0,Rain,0,0,6,132.0,42
2026-04-18,Saturday,1,4,Spring,Dinner,0,Rain,0,0,53,130.0,114
2026-04-18,Saturday,1,4,Spring,Lunch,0,Rain,0,0,25,110.0,131
2026-04-19,Sunday,1,4,Spring,Dinner,0,Cloudy,0,0,57,137.0,120
2026-04-19,Sunday,1,4,Spring,Lunch,0,Cloudy,0,0,19,32.0,90
2026-04-20,Monday,0,4,Spring,Dinner,0,Clear,0,0,56,68.0,105
2026-04-20,Monday,0,4,Spring,Lunch,0,Clear,0,0,8,26.0,30
2026-04-21,Tuesday,0,4,Spring,Dinner,0,Clear,0,0,60,116.0,112
2026-04-21,Tuesday,0,4,Spring,Lunch,0,Clear,0,0,11,27.0,55
2026-04-22,Wednesday,0,4,Spring,Dinner,0,Cloudy,0,0,43,137.0,95
2026-04-22,Wednesday,0,4,Spring,Lunch,0,Cloudy,0,0,8,37.0,53
2026-04-23,Thursday,0,4,Spring,Dinner,0,Clear,0,0,44,33.0,92
2026-04-23,Thursday,0,4,Spring,Lunch,0,Clear,0,0,9,76.0,57
2026-04-24,Friday,0,4,Spring,Dinner,0,Rain,0,0,43,188.0,115
2026-04-24,Friday,0,4,Spring,Lunch,0,Rain,0,0,13,42.0,79
2026-04-25,Saturday,1,4,Spring,Dinner,1,Cloudy,0,0,122,114.0,284
2026-04-25,Saturday,1,4,Spring,Lunch,1,Cloudy,0,0,32,131.0,164
2026-04-26,Sunday,1,4,Spring,Dinner,0,Rain,0,0,51,120.0,116
2026-04-26,Sunday,1,4,Spring,Lunch,0,Rain,0,1,10,90.0,41
2026-04-27,Monday,0,4,Spring,Dinner,0,Clear,0,0,77,105.0,149
2026-04-27,Monday,0,4,Spring,Lunch,0,Clear,0,0,14,30.0,59
2026-04-28,Tuesday,0,4,Spring,Dinner,0,Rain,0,0,38,112.0,78
2026-04-28,Tuesday,0,4,Spring,Lunch,0,Rain,0,0,13,55.0,69
2026-04-29,Wednesday,0,4,Spring,Dinner,0,Clear,0,0,38,95.0,103
2026-04-29,Wednesday,0,4,Spring,Lunch,0,Clear,0,0,12,53.0,58
2026-04-30,Thursday,0,4,Spring,Dinner,0,Clear,0,0,25,92.0,74
2026-04-30,Thursday,0,4,Spring,Lunch,0,Clear,0,0,6,57.0,47
2026-05-01,Friday,0,5,Spring,Dinner,0,Cloudy,0,0,38,115.0,69
2026-05-01,Friday,0,5,Spring,Lunch,0,Cloudy,0,0,21,79.0,92
2026-05-02,Saturday,1,5,Spring,Dinner,0,Clear,0,0,102,284.0,231
2026-05-02,Saturday,1,5,Spring,Lunch,0,Clear,0,0,12,164.0,55
2026-05-03,Sunday,1,5,Spring,Dinner,0,Rain,0,0,52,116.0,124
2026-05-03,Sunday,1,5,Spring,Lunch,0,Rain,0,0,2,41.0,36
2026-05-04,Monday,0,5,Spring,Dinner,0,Clear,0,0,35,149.0,97
2026-05-04,Monday,0,5,Spring,Lunch,0,Clear,0,1,12,59.0,91
2026-05-05,Tuesday,0,5,Spring,Dinner,0,Clear,0,0,57,78.0,140
2026-05-05,Tuesday,0,5,Spring,Lunch,0,Clear,0,0,17,69.0,59
2026-05-06,Wednesday,0,5,Spring,Dinner,0,Rain,0,0,38,103.0,83
2026-05-06,Wednesday,0,5,Spring,Lunch,0,Rain,0,1,2,58.0,35
2026-05-07,Thursday,0,5,Spring,Dinner,0,Rain,0,0,38,74.0,79
2026-05-07,Thursday,0,5,Spring,Lunch,0,Rain,0,0,7,47.0,28
2026-05-08,Friday,0,5,Spring,Dinner,0,Rain,0,0,83,69.0,171
2026-05-08,Friday,0,5,Spring,Lunch,0,Rain,0,0,16,92.0,83
2026-05-09,Saturday,1,5,Spring,Dinner,0,Cloudy,0,0,79,231.0,160
2026-05-09,Saturday,1,5,Spring,Lunch,0,Cloudy,0,0,13,55.0,47
2026-05-10,Sunday,1,5,Spring,Dinner,0,Cloudy,0,1,78,124.0,176
2026-05-10,Sunday,1,5,Spring,Lunch,0,Cloudy,0,0,23,36.0,108
2026-05-11,Monday,0,5,Spring,Dinner,1,Clear,0,0,39,97.0,93
2026-05-11,Monday,0,5,Spring,Lunch,1,Clear,0,0,24,91.0,88
2026-05-12,Tuesday,0,5,Spring,Dinner,0,Rain,0,1,42,140.0,99
2026-05-12,Tuesday,0,5,Spring,Lunch,0,Rain,0,0,10,59.0,54
2026-05-13,Wednesday,0,5,Spring,Dinner,0,Cloudy,0,0,41,83.0,94
2026-05-13,Wednesday,0,5,Spring,Lunch,0,Cloudy,0,0,9,35.0,51
2026-05-14,Thursday,0,5,Spring,Dinner,0,Clear,0,0,50,79.0,111
2026-05-14,Thursday,0,5,Spring,Lunch,0,Clear,0,0,13,28.0,67
2026-05-15,Friday,0,5,Spring,Dinner,0,Rain,0,0,63,171.0,165
2026-05-15,Friday,0,5,Spring,Lunch,0,Rain,0,0,21,83.0,100
2026-05-16,Saturday,1,5,Spring,Dinner,0,Clear,0,1,79,160.0,179
2026-05-16,Saturday,1,5,Spring,Lunch,0,Clear,0,0,14,47.0,69
2026-05-17,Sunday,1,5,Spring,Dinner,0,Cloudy,0,0,51,176.0,107
2026-05-17,Sunday,1,5,Spring,Lunch,0,Cloudy,1,0,17,108.0,93
2026-05-18,Monday,0,5,Spring,Dinner,0,Clear,0,0,64,93.0,130
2026-05-18,Monday,0,5,Spring,Lunch,0,Clear,0,0,14,88.0,81
2026-05-19,Tuesday,0,5,Spring,Dinner,0,Cloudy,0,0,39,99.0,84
2026-05-19,Tuesday,0,5,Spring,Lunch,0,Cloudy,0,0,10,54.0,56
2026-05-20,Wednesday,0,5,Spring,Dinner,0,Cloudy,0,0,23,94.0,68
2026-05-20,Wednesday,0,5,Spring,Lunch,0,Cloudy,0,0,22,51.0,106
2026-05-21,Thursday,0,5,Spring,Dinner,0,Cloudy,0,0,66,111.0,129
2026-05-21,Thursday,0,5,Spring,Lunch,0,Cloudy,0,0,5,67.0,27
2026-05-22,Friday,0,5,Spring,Dinner,0,Cloudy,1,1,115,165.0,234
2026-05-22,Friday,0,5,Spring,Lunch,0,Cloudy,0,0,14,100.0,63
2026-05-23,Saturday,1,5,Spring,Dinner,0,Clear,0,1,104,179.0,319
2026-05-23,Saturday,1,5,Spring,Lunch,0,Clear,0,0,4,69.0,32
2026-05-24,Sunday,1,5,Spring,Dinner,0,Snow,0,1,31,107.0,64
2026-05-24,Sunday,1,5,Spring,Lunch,0,Snow,0,0,13,93.0,81
2026-05-25,Monday,0,5,Spring,Dinner,0,Rain,0,0,46,130.0,108
2026-05-25,Monday,0,5,Spring,Lunch,0,Rain,0,0,9,81.0,53
2026-05-26,Tuesday,0,5,Spring,Dinner,0,Cloudy,0,0,31,84.0,81
2026-05-26,Tuesday,0,5,Spring,Lunch,0,Cloudy,0,0,11,56.0,40
2026-05-27,Wednesday,0,5,Spring,Dinner,0,Cloudy,0,0,51,68.0,150
2026-05-27,Wednesday,0,5,Spring,Lunch,0,Cloudy,0,0,17,106.0,71
2026-05-28,Thursday,0,5,Spring,Dinner,0,Cloudy,0,0,46,129.0,85
2026-05-28,Thursday,0,5,Spring,Lunch,0,Cloudy,0,0,13,27.0,65
2026-05-29,Friday,0,5,Spring,Dinner,0,Clear,0,0,24,234.0,47
2026-05-29,Friday,0,5,Spring,Lunch,0,Clear,0,0,23,63.0,119
2026-05-30,Saturday,1,5,Spring,Dinner,0,Rain,0,0,101,319.0,228
2026-05-30,Saturday,1,5,Spring,Lunch,0,Rain,0,0,19,32.0,88
2026-05-31,Sunday,1,5,Spring,Dinner,0,Rain,1,0,33,64.0,75
2026-05-31,Sunday,1,5,Spring,Lunch,0,Rain,0,0,11,81.0,50
2026-06-01,Monday,0,6,Summer,Dinner,0,Clear,1,0,84,108.0,209
2026-06-01,Monday,0,6,Summer,Lunch,0,Clear,0,0,10,53.0,34
2026-06-02,Tuesday,0,6,Summer,Dinner,0,Cloudy,0,0,36,81.0,88
2026-06-02,Tuesday,0,6,Summer,Lunch,0,Cloudy,0,0,11,40.0,70
2026-06-03,Wednesday,0,6,Summer,Dinner,0,Clear,0,0,83,150.0,168
2026-06-03,Wednesday,0,6,Summer,Lunch,0,Clear,0,0,20,71.0,98
2026-06-04,Thursday,0,6,Summer,Dinner,0,Clear,0,0,70,85.0,166
2026-06-04,Thursday,0,6,Summer,Lunch,0,Clear,0,0,19,65.0,80
2026-06-05,Friday,0,6,Summer,Dinner,0,Clear,0,0,96,47.0,177
2026-06-05,Friday,0,6,Summer,Lunch,0,Clear,0,0,19,119.0,103
2026-06-06,Saturday,1,6,Summer,Dinner,0,Clear,0,0,47,228.0,104
2026-06-06,Saturday,1,6,Summer,Lunch,0,Clear,0,0,34,88.0,156
2026-06-07,Sunday,1,6,Summer,Dinner,0,Cloudy,0,0,23,75.0,54
2026-06-07,Sunday,1,6,Summer,Lunch,0,Cloudy,0,0,10,50.0,63
2026-06-08,Monday,0,6,Summer,Dinner,0,Clear,0,0,11,209.0,55
2026-06-08,Monday,0,6,Summer,Lunch,0,Clear,0,0,9,34.0,45
2026-06-09,Tuesday,0,6,Summer,Dinner,0,Clear,0,0,29,88.0,72
2026-06-09,Tuesday,0,6,Summer,Lunch,0,Clear,0,0,13,70.0,64
2026-06-10,Wednesday,0,6,Summer,Dinner,0,Cloudy,0,1,47,168.0,84
2026-06-10,Wednesday,0,6,Summer,Lunch,0,Cloudy,0,0,6,98.0,37
2026-06-11,Thursday,0,6,Summer,Dinner,0,Rain,0,0,78,166.0,153
2026-06-11,Thursday,0,6,Summer,Lunch,0,Rain,0,0,12,80.0,56
2026-06-12,Friday,0,6,Summer,Dinner,0,Clear,0,0,52,177.0,118
2026-06-12,Friday,0,6,Summer,Lunch,0,Clear,0,0,8,103.0,60
2026-06-13,Saturday,1,6,Summer,Dinner,0,Clear,0,0,96,104.0,211
2026-06-13,Saturday,1,6,Summer,Lunch,0,Clear,0,0,28,156.0,129
2026-06-14,Sunday,1,6,Summer,Dinner,0,Clear,0,0,39,54.0,97
2026-06-14,Sunday,1,6,Summer,Lunch,0,Clear,0,0,21,63.0,97
2026-06-15,Monday,0,6,Summer,Dinner,0,Clear,0,0,41,55.0,93
2026-06-15,Monday,0,6,Summer,Lunch,0,Clear,0,0,16,45.0,67
2026-06-16,Tuesday,0,6,Summer,Dinner,0,Rain,0,0,27,72.0,74
2026-06-16,Tuesday,0,6,Summer,Lunch,0,Rain,0,0,18,64.0,76
2026-06-17,Wednesday,0,6,Summer,Dinner,0,Cloudy,0,0,44,84.0,108
2026-06-17,Wednesday,0,6,Summer,Lunch,0,Cloudy,0,0,19,37.0,55
2026-06-18,Thursday,0,6,Summer,Dinner,0,Clear,0,0,46,153.0,106
2026-06-18,Thursday,0,6,Summer,Lunch,0,Clear,1,0,19,56.0,66
2026-06-19,Friday,0,6,Summer,Dinner,0,Clear,0,0,60,118.0,115
2026-06-19,Friday,0,6,Summer,Lunch,0,Clear,0,0,28,60.0,150
2026-06-20,Saturday,1,6,Summer,Dinner,0,Clear,0,0,92,211.0,201
2026-06-20,Saturday,1,6,Summer,Lunch,0,Clear,0,0,40,129.0,158
2026-06-21,Sunday,1,6,Summer,Dinner,0,Cloudy,0,0,105,97.0,217
2026-06-21,Sunday,1,6,Summer,Lunch,0,Cloudy,0,0,15,97.0,81
2026-06-22,Monday,0,6,Summer,Dinner,0,Clear,1,0,48,93.0,84
2026-06-22,Monday,0,6,Summer,Lunch,0,Clear,0,0,12,67.0,56
2026-06-23,Tuesday,0,6,Summer,Dinner,0,Cloudy,1,0,66,74.0,145
2026-06-23,Tuesday,0,6,Summer,Lunch,0,Cloudy,0,1,9,76.0,63
2026-06-24,Wednesday,0,6,Summer,Dinner,0,Cloudy,0,0,36,108.0,66
2026-06-24,Wednesday,0,6,Summer,Lunch,0,Cloudy,0,0,5,55.0,19
2026-06-25,Thursday,0,6,Summer,Dinner,0,Clear,0,0,42,106.0,93
2026-06-25,Thursday,0,6,Summer,Lunch,0,Clear,0,0,7,66.0,52
2026-06-26,Friday,0,6,Summer,Dinner,0,Clear,0,0,87,115.0,198
2026-06-26,Friday,0,6,Summer,Lunch,0,Clear,0,0,13,150.0,51
2026-06-27,Saturday,1,6,Summer,Dinner,0,Clear,0,0,130,201.0,294
2026-06-27,Saturday,1,6,Summer,Lunch,0,Clear,0,0,15,158.0,101
2026-06-28,Sunday,1,6,Summer,Dinner,0,Clear,0,0,71,217.0,130
2026-06-28,Sunday,1,6,Summer,Lunch,0,Clear,0,0,17,81.0,79
2026-06-29,Monday,0,6,Summer,Dinner,1,Clear,0,1,65,84.0,123
2026-06-29,Monday,0,6,Summer,Lunch,1,Clear,0,0,18,56.0,77
2026-06-30,Tuesday,0,6,Summer,Dinner,0,Cloudy,0,0,40,145.0,81
2026-06-30,Tuesday,0,6,Summer,Lunch,0,Cloudy,0,0,9,63.0,39
